{
    "rmse": 0.7728759064026934,
    "mae": 0.6397591615067888,
    "r2": 0.04402153866821101
}